1,Anthony Reilly,2
2,Christina Boyle,2
3,Andrew Walker,1
4,Emily Rodriguez,3
5,Glen Travis,2
6,Adam Mayer,8
7,Lydia Griffin,6
8,Marcus Cox,3
9,Sean Johnson,6
10,Joel Mullen,1
11,Laurie Brown,3
12,Kevin Johnson,7
13,Paula Lopez,3
14,Michelle Hodges,1
15,Jerome Russo,6
16,Jonathon Porter,2
17,Andrew Jackson,2
18,Emma Jackson,7
19,Pam Wilson,4
20,Andrea Sanders,7
21,Christopher Johnson,8
22,Brian Gardner,1
23,Amy Smith,5
24,Madeline Mendoza,5
25,Sean Jones,5
26,Lisa Bowman,2
27,Patricia Lawson,3
28,Katherine Miller,8
29,Jason Carey,7
30,Adam Wright,6
31,Ashley Galloway,6
32,Ana Curtis,6
33,Wanda Ramsey,5
34,Joshua Mills,7
35,Anthony Lopez,5
36,Michele Moore,1
37,Sheila Foster,3
38,Patricia Gilmore,6
39,Brandon Peterson,8
40,Hayley Scott,3
41,Shannon Anderson,1
42,Paul Porter,7
43,Lori Baker,2
44,Richard Collins,5
45,James Fernandez,7
46,Cole Garcia,3
47,Erin Smith,7
48,Sarah Robbins,3
49,Eddie Harris,2
50,Madison Nolan,2
51,Brenda Johnson,8
52,Sherry Chapman,2
53,Katherine Hamilton,8
54,Steven Castro,7
55,Vanessa Cole,6
56,Patrick Galvan,3
57,Amy Mack,2
58,Brian Melton,8
59,Brenda Barnes,6
60,Christopher Fuller,6
61,Alex Taylor,8
62,Roy Coffey,1
63,Chase Spencer,8
64,Sarah Garcia,5
65,Ian Copeland,8
66,Melissa Williams,8
67,Mark Kennedy,3
68,Norma Diaz,7
69,Christopher Watson,1
70,Michele Reilly,6
71,Travis Kemp,5
72,James Miller,6
73,Jeffrey Jones,4
74,Michelle Watson,2
75,Diana Johnson,6
76,Ashley Proctor,4
77,James Goodwin,8
78,Zachary Walton,8
79,Julie Gray,2
80,Micheal Hernandez,2
81,Richard Klein,3
82,Chelsea Harrison,4
83,Joshua Dorsey,7
84,Anne Smith,7
85,Matthew Fitzgerald,4
86,Brandon Williams,7
87,Joseph Rodriguez,2
88,Christine Rogers,8
89,Stephen Stevens,7
90,William Frost,1
91,Jennifer Allen,2
92,Christopher Snyder,2
93,Sabrina Byrd,4
94,Brittany Watts,7
95,Susan Boyd,2
96,Johnathan Freeman,6
97,Jason Stevens,7
98,Scott Wiley,6
99,Nicole Shields,2
100,David Ramos,1
101,William Fernandez,6
102,Kelsey Wilkerson,5
103,Karen Garrison,2
104,Nathan Miller,4
105,Anthony Campbell,5
106,Eric Roberts,2
107,Kimberly Davis,4
108,Spencer Medina MD,7
109,Heather Rivera,8
110,Alexis Webb,7
111,Christopher Pena,3
112,Jacob Parrish,4
113,Larry Smith,4
114,Ashley Moss,5
115,Rodney Miller,1
116,Rita Cisneros,3
117,Kelly Burch,6
118,Samantha Rodriguez,2
119,Paul Buchanan,5
120,Jeremy Phillips,6
121,Holly Smith,8
122,Heather Smith,2
123,Jason Shelton,3
124,Douglas Allen,5
125,Jeffrey Peters,8
126,Robin Mckee,2
127,Wendy Durham,2
128,Matthew Walker,4
129,Teresa Smith,6
130,Melinda Browning,3
131,Carl Hinton,1
132,Andrea Torres,1
133,Luis Patterson,4
134,Elizabeth Curtis,6
135,Becky Shaffer,4
136,Kevin Fields,4
137,Peter Hawkins,3
138,Michael Mathews,1
139,Amber Patterson DVM,7
140,Wendy Evans,1
141,Jessica Hernandez,1
142,Jose White,6
143,Cheryl Harris,1
144,Jason Richards,5
145,Hailey Miller,2
146,Gavin Grant,7
147,Erika Logan,4
148,Karen Tapia,5
149,Kenneth Dillon,6
150,Eric Arroyo,1
151,Pamela Sanders,4
152,Donald Thompson,3
153,Candice Cunningham,7
154,Jennifer Cortez,1
155,Tracey Estrada,1
156,Eric Gill,3
157,Robert Odom,1
158,Amy Davis,7
159,Zachary Ramirez,6
160,Julie Fischer,7
161,Rebecca Escobar,4
162,Lisa Graham,3
163,Donald Henry,4
164,Richard Bailey,8
165,Anthony Long,4
166,Jennifer Mcbride,6
167,Monica Casey,3
168,Michele Rasmussen,5
169,Alyssa Richard,8
170,Paul Reese,5
171,Jerry Hopkins,3
172,Anthony Taylor,2
173,Charles Randall,1
174,Taylor Anderson,2
175,Laura Beasley,5
176,Steven Turner,4
177,Matthew Morris,8
178,Meredith Mosley,7
179,Tyler Campbell,1
180,Carmen Campbell,1
181,Rhonda Martin,4
182,Penny Nelson,2
183,Gary Jones,3
184,Brent Bond,3
185,Peter Contreras Jr.,6
186,Jennifer Sanders,3
187,Thomas Henry,1
188,Julie Ross,8
189,Kerri Davis,7
190,Melissa Blackburn,7
191,Caroline Harvey,5
192,Garrett May,5
193,William Villarreal,5
194,Tami Ford,8
195,Mr. Joseph Contreras Jr.,8
196,Jerry Briggs,7
197,Maxwell Gibson,4
198,Daniel Stevenson,2
199,Karen Ward,4
200,Marvin Myers,7
201,Ryan Jones,4
202,Stephanie Mann,6
203,Nicholas Flowers,4
204,Matthew Hill,6
205,Patricia Chapman,5
206,Paul Shaffer,1
207,Jeffrey Nelson,8
208,Miss Susan Hayes,6
209,Emily Turner,6
210,James Mendoza,6
211,John Aguilar,4
212,Krista Reynolds,6
213,Jennifer Stephens,4
214,James Pham,7
215,Amanda Stafford,8
216,Cynthia Martinez,6
217,Jon Shaw,3
218,Robin Stark,1
219,Hannah Mcgrath,5
220,Michael Salazar,2
221,Walter Manning,6
222,Dennis Rivera,5
223,John Sanders,2
224,Gina Hughes,3
225,Francisco Jackson,6
226,Vicki Johnson,3
227,Ann Marquez,6
228,Rebecca Miles,8
229,Oscar Burns,3
230,Scott Espinoza,6
231,Kenneth Perez,7
232,Shannon Hawkins,7
233,Anthony Wright,2
234,Martin Washington,3
235,Angela Stewart,7
236,Lauren Roach,4
237,Sergio Castillo,7
238,Suzanne Mckenzie,7
239,Richard Garrett,4
240,Frank Johnson,4
241,Allison Preston,4
242,Francis Green,6
243,Anthony Jones,8
244,Eric Burton,8
245,Jessica Guerrero,7
246,Kristy Russell,1
247,Derek Larson,1
248,Sean Gray,4
249,Denise Davis,5
250,Denise Carroll,7
251,Rachel Wheeler,7
252,Tyler Bailey,5
253,Andrew Jensen,3
254,Diana Olsen,5
255,Kristen Murphy,3
256,George Huff,5
257,Christopher Russo,7
258,Veronica Henry,5
259,Lisa Fox,6
260,Hannah Riley DDS,5
261,John Torres,6
262,Pam Carpenter,5
263,Kevin Tran,7
264,Margaret Waller,1
265,Alexander Love,7
266,Scott Bailey,6
267,Adam Cox,5
268,Brad Vargas,5
269,Christopher Baldwin,7
270,Jenny Moody,3
271,Mrs. Teresa Lopez,5
272,Edwin Campbell,1
273,Ashley Flores,3
274,Teresa Lopez,3
275,Curtis Cowan,4
276,Cynthia Morrison,5
277,Jamie Wright,5
278,Amanda Warren,7
279,Steven Hall,7
280,Daniel Mills,4
281,William Johnson,1
282,Allison Cole,4
283,Jennifer Burton,6
284,Beverly Dominguez,6
285,Janice Jones,8
286,Amy Henry,3
287,Elizabeth Oconnor,5
288,Ann Nelson,7
289,Clinton Miller,2
290,Christy Scott,6
291,Steven Young,1
292,Andrew Brown,4
293,Jennifer Simmons,8
294,Kevin Hensley,1
295,Victoria Ford,6
296,Troy Sellers,2
297,Jonathan Gregory,6
298,Claire Carlson,6
299,Michelle King,5
300,John Jensen,3
301,Jennifer Phillips,3
302,Nicole Moore,6
303,Holly Brown,7
304,Mrs. Cynthia Pace,8
305,Nicholas Kennedy,4
306,David Wolfe DDS,5
307,David Lowe,7
308,Joseph White,5
309,Yolanda Holt,2
310,Betty Griffith,4
311,Jason Santos,7
312,Ashley Moore,5
313,Jennifer Choi,8
314,Courtney Cooper,8
315,Sharon Harrison,3
316,Geoffrey Garner,2
317,Amy Morris,1
318,Kayla Quinn,5
319,Jennifer Hill,2
320,John Romero,1
321,Jeremy Johnson,4
322,Emily Horne,7
323,Rebecca White,2
324,Mary Cain,1
325,Courtney Conner,6
326,Chris Gentry,5
327,Maria Mccoy,7
328,Douglas Frye DVM,6
329,Linda Gonzalez,6
330,Mark Sutton,8
331,Jenna Robertson,1
332,Alison Mays,5
333,Timothy Hanna,2
334,Deborah Barnett,8
335,Melissa Shields,3
336,Theresa Gibson,4
337,Juan Cox,3
338,David Cooley,4
339,Cynthia Cohen,7
340,Anna Santos,4
341,Lucas Reyes,8
342,Kenneth Brown,8
343,Catherine Randolph,3
344,Nathan Roberts,3
345,Dylan Juarez,3
346,Cindy Sanders,3
347,Jose Nguyen,3
348,Mary Mcdonald,1
349,David Hoover,8
350,Jordan Myers,5
351,Heather Harris,6
352,Tony Foster,4
353,Angela Smith,1
354,Thomas Grant,4
355,Benjamin Miller,7
356,Tanya Martinez,6
357,James Friedman,3
358,Nicholas Farmer,3
359,Beverly Jackson,5
360,Tamara Dyer,4
361,Katie Barnes,2
362,Eric Martinez,5
363,Gail Jackson,2
364,Katie Kim,7
365,Bradley Wilson,3
366,Richard Warren,2
367,Paul Anderson,6
368,Diana Brown,6
369,Blake Smith,8
370,Bridget Collins,3
371,Mary Jackson,6
372,John Yates,1
373,Gerald Zavala,8
374,Tara Lopez DDS,2
375,Dale Sawyer,3
376,Christopher Washington,5
377,Brian Day,4
378,Antonio Sosa,6
379,Amy Collins,1
380,James Martinez,6
381,Courtney Barnes,4
382,Shane Rice,7
383,Dana Hall,5
384,Michelle Williamson,1
385,Nicholas Sanchez,5
386,Jaime Smith,6
387,Nicole Mendoza,1
388,Randy Thompson,2
389,Nicholas Shaw,5
390,Victoria Bryan,8
391,Jason Klein,1
392,Jennifer Collier,3
393,Gregory Little,1
394,Suzanne Evans,3
395,Rhonda Graham,7
396,Shannon Maldonado,3
397,Mrs. Jennifer Paul,5
398,Joseph Campbell,5
399,Sandra Trujillo,8
400,Megan Baker,1
401,William Charles,7
402,Mrs. Jennifer Becker MD,6
403,Mr. Christopher Berg,4
404,Regina Johnson,8
405,Barbara Robinson,1
406,David Morales,1
407,Thomas Nielsen,7
408,Brittany Riley,6
409,Ricardo Kennedy,4
410,Jennifer Gray,8
411,Phillip Ayala,6
412,Amanda Joseph,4
413,Nicholas Carter,1
414,Linda Lopez,1
415,Terri Conley,6
416,Scott Hill,3
417,Robyn Lynn,6
418,Joseph Deleon,2
419,Susan Jones,4
420,Melissa Harvey,5
421,Christopher Everett,6
422,Shannon Gilbert,7
423,Nathan Figueroa,6
424,Jessica Anderson,6
425,Richard Kennedy,7
426,Karen Howard,6
427,John Barry,6
428,Katherine Norton,3
429,Erin Johnson,1
430,Keith Nguyen,3
431,Christine Gray,7
432,Katelyn Davis,5
433,Jasmine Smith,2
434,Randy Williams,1
435,Robert Flores,4
436,Randy Mason,4
437,Deborah Rogers,2
438,Chloe Valdez,5
439,Matthew Rogers Jr.,5
440,Alex Fields,4
441,Gregory Torres,2
442,Katherine Smith,6
443,Scott Brooks,7
444,Ann Hernandez PhD,5
445,Larry Brewer,1
446,Jesus Castillo,8
447,Amy Reilly,2
448,Stacey Black,3
449,Valerie King,7
450,Kevin Douglas,6
451,Eric Smith,2
452,Gary Moore,6
453,Lisa Khan,8
454,George Macdonald,7
455,Cindy Evans,3
456,Tamara Camacho,2
457,Darlene Nguyen,1
458,Cindy Saunders,4
459,Deborah Carroll,5
460,Christine Landry,6
461,Theresa Jacobs,1
462,Christina Bennett,8
463,Michelle Fernandez,8
464,Erin Pugh,7
465,Carol Butler,6
466,Amber Sandoval,6
467,Lori Ruiz,3
468,Laura Martinez,5
469,Phillip Wilson,7
470,Patricia Lewis,1
471,Mark Mills,1
472,Matthew Johnson,5
473,Joshua Fuller,5
474,Mary Zavala,6
475,Natalie Scott,8
476,Timothy White,6
477,Shannon Hunter,5
478,Krista Gill,8
479,Stephanie Reynolds,4
480,Gabriela Perry DDS,5
481,Jessica Miles,1
482,Angela Mcdonald,2
483,Eric Barker,7
484,Matthew Mcguire,1
485,Elizabeth Bates,7
486,Anthony Olson,4
487,Randy Decker,4
488,Todd Gregory,3
489,Donna Carroll,1
490,Steve Snow,7
491,Lindsey Myers DDS,6
492,Adrian Butler,7
493,Dominique Mclaughlin,7
494,Lee Henderson,7
495,Jimmy Rodriguez,3
496,Michael Jenkins,7
497,Jodi Serrano,1
498,Ryan Gonzales,3
499,Dr. Mitchell Davis,5
500,Claudia Butler,6
501,Patricia Cline,2
502,Thomas Willis,5
503,Karen Mckenzie,8
504,Casey Alvarez,4
505,Joel Bradley,7
506,Judy Rivera,7
507,Jamie Banks,3
508,Oscar Rogers,5
509,Michelle Rivera,3
510,Kathryn Anderson,1
511,Tamara Contreras,3
512,Christy Murray,5
513,Wayne Bartlett,2
514,Julie Montes,8
515,Nicolas Church,5
516,Larry Jones,1
517,Rhonda Benson,3
518,Gregory Suarez,5
519,Sarah Brock,6
520,Rebecca Griffith,6
521,Jennifer Beck,7
522,Steven Vargas,2
523,Adrian Hall,3
524,Randall Ruiz,5
525,Sierra Walker,4
526,Timothy Skinner,1
527,Edward Reid,1
528,Jill Savage,4
529,Andrew Hopkins,2
530,Nathaniel Tucker,4
531,John Perez,8
532,Jason Fletcher,2
533,Brianna Harvey,4
534,Jacob Hansen,5
535,Crystal Moses,7
536,Mariah Nixon,6
537,Jeffrey Garcia,6
538,Dylan Howell,2
539,Sherri Adams,2
540,Kari Edwards,7
541,Brandy Long,7
542,Jeffrey Edwards,7
543,Bryce Brown,2
544,David Hammond,1
545,Brenda Allen,5
546,Christopher Johnson,2
547,Angelica Moyer,3
548,Lauren Gibson,1
549,Megan Moses,8
550,Kristina Boyd,4
551,Gregory Hubbard,5
552,Robert Spencer,3
553,Bethany Peterson,5
554,Bailey James,1
555,Abigail Perez,2
556,Amanda Reyes,5
557,Kimberly Jensen,5
558,Kristen Fisher,8
559,Seth Miller,8
560,Teresa Riley,7
561,Barbara Finley,4
562,Brenda Atkinson,6
563,Michael Thompson,8
564,Kathy Russell,2
565,Mr. Samuel Flores,4
566,Rebekah Lopez,1
567,Rebekah Thomas,6
568,William Pierce,7
569,Hannah Cooper,1
570,Justin Shelton,7
571,Stephanie Holloway,3
572,Brenda Mays,3
573,Stephen Winters,7
574,Andrew Turner,2
575,Luke Dixon,3
576,Mike Clark IV,2
577,Mary Johnson,7
578,Tiffany Torres,4
579,Noah Mcfarland,2
580,Eric Rodriguez,7
581,John Lee,1
582,Anthony Brewer,1
583,Ashley Bradley,1
584,Timothy Bradley,5
585,Deborah Osborne,1
586,Harold Bush,5
587,Julie Mcclure,3
588,Heather Peters,2
589,Nicholas Franklin,3
590,Taylor Cooke,5
591,Heather Cabrera,8
592,Catherine Grimes,6
593,Patricia Mcguire,7
594,Brianna Franco,5
595,Brian Gallagher,3
596,Ms. Debbie Manning,5
597,Cheryl Schroeder,2
598,Gloria Garcia,4
599,Lauren Atkinson,7
600,Jennifer Collins,7
601,Rhonda Reynolds,6
602,Richard Cobb,1
603,Brenda Holmes,1
604,Sabrina Cook MD,3
605,Brent Reilly,6
606,Megan Cummings,7
607,Ashley Parsons,5
608,Mary Wheeler,8
609,Robert Schneider,7
610,David Snyder,3
611,Nicole Guerra,2
612,Eric Mcdonald,1
613,Claudia Jordan MD,7
614,John Johnson,8
615,Adam Davis,2
616,Kathryn Benitez,6
617,Hannah Wong,2
618,Juan Jones,2
619,Brenda Brown,3
620,Michelle Pierce,3
621,Kiara Grimes,1
622,William Johnson,7
623,Bianca Miller,1
624,Emily Rivera,4
625,Eric Moore,8
626,Katie Padilla,5
627,Mrs. Christina Ramos,5
628,Christopher Miller,3
629,Jesus Castro,5
630,Kristina Jones,4
631,Pamela Estrada,7
632,Arthur Lopez,5
633,Todd Clark,2
634,Catherine Foster,1
635,Gary Sims,6
636,Patricia Warner,1
637,Nicole Scott,3
638,Emily Brown,2
639,John Boyle,4
640,James Fox,8
641,Joseph Robbins,6
642,Kevin Doyle,3
643,Jennifer Roberts,8
644,Jennifer Weaver,5
645,Robert Perez,6
646,Peter Anderson PhD,5
647,Lori Harris,8
648,Michelle Morgan,1
649,Brian Haynes,6
650,Alexander Cole,6
651,Gregory Diaz,7
652,Justin Thompson,3
653,Debra Morales,8
654,Shirley Hebert,4
655,Jennifer Lewis,8
656,Scott Petersen,2
657,Anthony Morris,3
658,Kyle Herrera,3
659,Kristina Garcia,8
660,Timothy Steele,8
661,Kathy Ellis,4
662,Erica Davis,8
663,Tiffany Taylor,4
664,Richard Hamilton,8
665,Victoria Fuentes,5
666,Leonard Thomas,7
667,Brandon Holmes,6
668,Claudia Brown,2
669,Joseph Steele,3
670,Amy Kim,4
671,Heather Bell,1
672,Rachel Smith,1
673,Michelle Lopez,6
674,Kristin Garcia,7
675,Kellie Chang,3
676,Brandon Baxter,4
677,Scott Campbell,1
678,Kristen Johnson,2
679,Keith Collier,5
680,Wayne Simon,3
681,Richard Lawrence,8
682,Mr. Matthew Gordon,3
683,Michelle Miller,7
684,Jose Marks,3
685,Bryan Bruce,2
686,Lisa Bowers,5
687,Robert Daniels,4
688,John Bass,7
689,Lisa Scott,4
690,Kimberly Murillo,3
691,Robert Bright,4
692,Julie Knox MD,3
693,Dorothy Wheeler,7
694,Tina Russell,5
695,Casey Osborne,6
696,Erika Ortiz,5
697,Kimberly Allen,1
698,Melanie Guerrero,6
699,Nicole Trevino,3
700,Jacob Gonzalez,5
701,Darren Pitts,7
702,Patricia Gordon,3
703,Shelia Shaffer,5
704,Erika Moore,5
705,Ashley Wolfe,8
706,Tommy Jackson,4
707,Kelly Walker,2
708,Lisa Johnson,2
709,George Watkins,4
710,Abigail Glass,3
711,Alison Davila,8
712,Bernard Gonzalez,2
713,Jaclyn Padilla,2
714,Carl Graves,4
715,Hannah Sims,1
716,Gabriel Colon,1
717,Cheryl Carter,5
718,Cynthia Daniels,4
719,Rachel Brown,8
720,Ryan Black,1
721,Jeanne Riley,6
722,Jordan Dixon,4
723,Taylor Mccormick,4
724,Megan Roberts,7
725,David Alexander,6
726,Emily Bryan,2
727,Ryan Richardson,2
728,Travis Jones,2
729,Jermaine Torres,4
730,Linda Johnson,6
731,Evan Reynolds,5
732,Rachel Osborne,8
733,Lisa Leach,8
734,Brandon Gross,5
735,Nancy Owens,4
736,Jermaine Shaw,3
737,Brad Olson,2
738,Alexander Harris,4
739,Ronald Moore,2
740,Brian Chapman,2
741,David Green,8
742,Samantha Young,3
743,Craig Ford,4
744,Brenda Smith,5
745,Laura Rodriguez,4
746,Susan French,8
747,Bradley Gutierrez,4
748,Richard Valenzuela,6
749,Frank Bright,4
750,Alan Gonzalez,6
751,Jonathan Benson,3
752,Mr. Roger Smith MD,3
753,Lisa Walker,2
754,Dr. Reginald Torres,1
755,Patrick Lane,8
756,Julie Kim,4
757,Tyler Gordon,1
758,Elizabeth Daniels,1
759,Mr. Christopher Neal,4
760,Christina Haynes,4
761,Beth Moore,7
762,Valerie Clark,6
763,Anthony Arias,4
764,Nicholas Adkins,2
765,Courtney Choi,6
766,Connor Osborne,1
767,Philip Kennedy,8
768,Melanie Harmon,8
769,Mark Simmons,8
770,Barbara Robertson,3
771,Denise Howell,3
772,Angela Navarro,7
773,Rachel Griffin,6
774,Karen Mercado,6
775,Michael Knight Jr.,7
776,Briana Miller,8
777,James Davis,7
778,Terry York,6
779,Rebekah Ramos,3
780,Becky Murphy,7
781,Ronald George,4
782,Jesse Jones,1
783,Ricky Dunn,4
784,Eric Warren,4
785,Joseph Green,3
786,Jeremy Pierce,8
787,Regina Gregory,3
788,Marcus Neal,7
789,Vanessa Hebert,4
790,Lisa Moore,3
791,Allen Burton,4
792,Becky Carlson,5
793,Julie Mejia,3
794,Olivia Marshall,5
795,Taylor Robinson,7
796,Michael Lopez,2
797,Shannon Fleming,4
798,Heather Mcconnell MD,2
799,Francisco Watson,5
800,Karina Maxwell,3
801,Andrea Newton,1
802,Benjamin Wang,3
803,Dominique Smith,1
804,Rebecca Huerta,4
805,Krystal Stout,1
806,Stephanie Cochran,3
807,Pam White,3
808,Rebecca Wilkins,7
809,Jessica Harmon,7
810,Christina Bradford,6
811,Alexander Campbell,2
812,Lori Cantu,8
813,Whitney Diaz,3
814,Daniel Lyons,8
815,Daniel Barrera,7
816,Linda Smith,3
817,Courtney Hansen,5
818,Joshua Taylor,4
819,Maria May MD,7
820,Tyler Brown,7
821,Jennifer Lewis,1
822,Stephanie Davis,7
823,Susan Nicholson,5
824,Melissa Benson,6
825,Caitlyn Pacheco,5
826,Dana Gates,4
827,Jacob Lang,4
828,Virginia Oliver,1
829,Matthew Smith,5
830,Jennifer Guerrero,5
831,Joseph Reed,6
832,Aaron James,3
833,Cameron Hernandez,1
834,Loretta Kennedy,5
835,Justin Hamilton,6
836,Jamie Thomas,1
837,Christopher Wiggins,5
838,Stacie Thompson,3
839,Shannon Ellis,3
840,Ashley Moore,4
841,Brenda Clements,6
842,Patricia Nelson,3
843,Joan Page,5
844,Amanda Rodriguez,7
845,Manuel Sanchez,2
846,Gwendolyn Elliott,6
847,Kari Reese,6
848,Douglas Elliott,8
849,Shannon Mendoza,5
850,Brianna Hill,7
851,Eileen Cunningham,8
852,Carol Fernandez,1
853,Daniel Price,8
854,Pamela Francis,6
855,Brenda Fox,4
856,Kimberly Farmer,8
857,Angela Kim,2
858,Jason Hamilton,8
859,Melissa James,6
860,Mr. William Smith,6
861,Kaitlyn Harris,5
862,Melissa Anderson,2
863,Corey Curtis,6
864,Karl Mckinney,5
865,Kevin Hardy,2
866,Vanessa Carey,3
867,Sarah Watkins,8
868,Matthew Brown,6
869,Crystal Mueller,7
870,Mr. Christopher Graham,1
871,Calvin Day,7
872,Stephen Olson,3
873,Kristy Pearson,4
874,David Travis,8
875,Anna Wade,1
876,Wendy May,7
877,Tyrone Avery,7
878,Robert Carlson,8
879,Eric Gutierrez,8
880,Vanessa Turner,3
881,Rick Moran,5
882,Shelley Kidd,1
883,Jacob Meyers,5
884,Brian Neal,4
885,John Branch,4
886,Rebecca Porter,7
887,Nicholas Garcia,2
888,Amanda Johnson,5
889,Jeff Franco,8
890,Mr. Gary Logan,8
891,Courtney Phillips,1
892,Robert George,1
893,Jacqueline Avila,6
894,Elizabeth Morales,4
895,Courtney Jordan,6
896,Jamie Anthony,8
897,Colleen Fry,3
898,Mr. Michael Wallace,7
899,Rachel Mitchell,4
900,Mrs. Jessica Cook,8
901,Timothy Young,7
902,Dr. Joanna Knight DDS,6
903,Warren Avery,8
904,Scott Taylor,6
905,Heather Woods,6
906,Kelsey Miller,6
907,Dylan Carey,1
908,Amanda Davidson,5
909,Carly Newton,5
910,Christina Rivera,4
911,Kristen Martinez,7
912,Nicole Alexander MD,6
913,Isaac Hart,6
914,Kenneth Rios,2
915,Dr. Angela Matthews,8
916,Thomas Daniels,1
917,Matthew Rodriguez,8
918,Amber Hernandez,5
919,Vanessa Contreras,4
920,Linda Morales,7
921,Charles Taylor DVM,5
922,Paul Anderson,6
923,Derek Jensen,4
924,Michael Bryan,7
925,Pedro Kline,7
926,Richard Peterson,4
927,Christopher Thomas,1
928,Victor Jones,5
929,Raymond Wright,8
930,Danielle Wagner,7
931,Timothy Alvarado,3
932,Monique Brown,3
933,Tammy Bowman,7
934,Maria Hubbard,6
935,Adam Guerra,3
936,Jenna Long,5
937,Todd Johnson,7
938,Candice Mckinney,6
939,Kathy Vasquez,7
940,Elizabeth Garcia,4
941,Maureen Washington,8
942,Jerome Scott,2
943,Cindy Kemp,6
944,Ian Weber,3
945,Christopher Hanna,7
946,Daniel Harrison,1
947,Tammy Matthews,1
948,Amber James,1
949,Dustin Rogers,2
950,Andrew Thompson,2
951,Kevin Pham,2
952,Brian Dennis,5
953,Brian Doyle,3
954,Jeffrey Rivera,2
955,Eric Long,3
956,John Kramer,5
957,Emily Molina,1
958,Cynthia Riley,2
959,Angela Butler,2
960,Renee Erickson,2
961,Lance Manning,7
962,Brianna Hanson,5
963,Allen Gibson,3
964,Jacob Robbins,8
965,Patricia Little,2
966,Kathleen Garcia,3
967,Xavier Ray,4
968,Mr. Kyle Dunn,2
969,Elizabeth Butler,6
970,Krystal Randall,3
971,Judith Jones MD,3
972,Kristen Burton,3
973,Jenny Chang,4
974,Laura Adkins,2
975,Devin Miles,4
976,Heather Jackson DDS,2
977,Kyle Williams,4
978,Micheal Gregory,3
979,Natalie Benjamin,4
980,Jill Thompson,4
981,Michael Knapp,3
982,Veronica Mann,1
983,Patricia Perez MD,8
984,Jonathan Morris,8
985,Randy Smith,1
986,Christopher Carrillo,7
987,Mary Wagner,5
988,Christina Griffith,6
989,Edward Reyes,4
990,Joshua Smith,6
991,Brian Fuentes,6
992,Zoe Hall,1
993,Sierra Saunders,5
994,Jason Brown,3
995,Caroline Calderon,7
996,Kristin Richardson,2
997,Alyssa Strong,4
998,John Johnson,5
999,Sarah Ward,6
1000,James Ortiz,5
1001,Nathaniel Thomas,2
1002,Patrick Caldwell,2
1003,Kiara Finley,7
1004,Sheri Hale,2
1005,Rachel Jones,5
1006,Linda Smith,2
1007,Gabrielle Lopez,6
1008,Angela Wright,7
1009,Heather Arroyo,2
1010,George Hamilton,5
1011,Amanda Ford,8
1012,Joel Roberts,4
1013,Cindy Chang,3
1014,Jennifer Hernandez,8
1015,Rebecca Stewart,8
1016,Renee Moore,2
1017,Michael Stevens,8
1018,Timothy Church,4
1019,Jimmy Guzman,2
1020,Kimberly Dawson,5
1021,Lisa Cline,4
1022,Anthony Wilkins Jr.,5
1023,Monique Mills,1
1024,Brett Miller,1
1025,Dan Dillon,7
1026,Richard Gonzalez,5
1027,Briana Nicholson,4
1028,Michael Higgins Jr.,8
1029,Ashley Howard,1
1030,Daniel Moses,5
1031,Donna Gregory,6
1032,Pamela Duarte,2
1033,Christian Delgado,5
1034,Susan Mcdaniel,8
1035,Michelle Davis,5
1036,Jason Woodard,8
1037,Gina Perez,4
1038,Ashley Adams,7
1039,Meagan Whitaker,5
1040,Rebecca Kelly,5
1041,Mike Bell,3
1042,Sheri Pierce,2
1043,Ronald Stevenson,3
1044,Aaron Garcia,1
1045,Kyle Austin,4
1046,Joseph Frazier,4
1047,Stephanie Kelley,3
1048,Alec Farrell,2
1049,Barry Buchanan,8
1050,Tracy Lopez,3
1051,Jamie Stephenson,1
1052,Jacob Mason,2
1053,Joan Davis,7
1054,Travis Sloan,5
1055,Timothy Lee,7
1056,Brandon Wheeler DVM,6
1057,Veronica Clark,2
1058,Maureen Jarvis,7
1059,Kevin Spencer,2
1060,Mikayla Mckinney,2
1061,Anna York,4
1062,Roger Mills,2
1063,Frederick Hutchinson,1
1064,Rachael Diaz,1
1065,Tiffany Williams,2
1066,Daniel Ramos,2
1067,Joseph Dorsey,4
1068,Rebecca Castillo MD,6
1069,Sara Green,1
1070,Lee Byrd,6
1071,Ryan Todd,4
1072,Brittany Smith,5
1073,Jason Erickson,4
1074,Sharon Mason,8
1075,Felicia Jackson,4
1076,Tracy Mills,3
1077,Anne Mcgrath,8
1078,Mary Reilly,2
1079,Jessica Cunningham,4
1080,Sharon Monroe,1
1081,Melinda Hernandez,2
1082,Michael Fritz,2
1083,Melissa Torres,4
1084,Meghan Williams,1
1085,Amanda Mckinney,8
1086,James Henderson,1
1087,Dennis Lozano,3
1088,Denise Johnson,5
1089,Victor Hernandez,2
1090,Alexis Morrison,2
1091,Jaime Hensley,3
1092,Emily Willis,1
1093,Dustin Taylor,8
1094,Randy Mcclure,3
1095,Leah Green,2
1096,Jill Chavez,5
1097,James Evans,4
1098,Shelia Bell,5
1099,Isaiah Lane,7
1100,Patricia Franklin,2
1101,Michelle Conway,5
1102,Kathy Ortiz,8
1103,Cynthia Mitchell,4
1104,Carolyn Stanton,8
1105,Victor Hill,5
1106,Angela Greer,8
1107,Adam Garza,6
1108,Craig Smith,3
1109,Amy Stanley,3
1110,Dawn Hall,3
1111,Amber Smith,6
1112,Catherine Villa,8
1113,Jeffery Thompson,7
1114,Robert Byrd,3
1115,Cheryl Webster,4
1116,Dawn Chavez,2
1117,Cynthia Hayden,5
1118,Michael Walker,2
1119,Heather Spencer,1
1120,Brian Bishop,6
1121,Traci Adkins,5
1122,Terry Burns,3
1123,Alexis Pierce,8
1124,Jeffrey Singh,2
1125,Jason Hunt,5
1126,Jessica Lewis,8
1127,Lauren Gonzalez,1
1128,Andrea Russell,4
1129,Kevin Price,5
1130,Julie Jackson,4
1131,Michelle Jones,2
1132,Julie Webster,7
1133,Katrina Castaneda,1
1134,Brian Higgins,1
1135,Emily Riley,8
1136,Hannah Wallace,3
1137,Melissa Henderson,1
1138,Rachel Myers,5
1139,Caitlyn Thompson,1
1140,Sherri Harper,8
1141,Robert Koch,3
1142,Tara Molina,1
1143,Nicholas Hernandez,5
1144,Stephanie Ortiz,8
1145,Joseph Rosario,5
1146,Kaitlyn Thomas,2
1147,Nicole Burnett,2
1148,Kathryn Hayes,7
1149,Sharon Montgomery,6
1150,Sharon Martin,1
1151,Caroline Weaver,5
1152,Mark Robinson,6
1153,Michelle Chavez,3
1154,Nicole Cherry,5
1155,Donna Mitchell,7
1156,Micheal Wells,5
1157,Tanya Jones,8
1158,Natasha Williams,1
1159,Crystal Fritz,8
1160,Tina Houston,2
1161,Mandy Miller,5
1162,Kristin Frazier,2
1163,Juan Murphy,3
1164,Jennifer Buchanan,7
1165,Douglas Anderson,8
1166,Chad Stone,2
1167,Melinda Wright,3
1168,Lance Olsen,4
1169,Sylvia Chandler,6
1170,Amber Lindsey,2
1171,Mr. Kevin Price,5
1172,Teresa Lee,7
1173,Brooke Nguyen,4
1174,Luis Black,3
1175,Edward Stevens,6
1176,Spencer Carey,6
1177,Tammy Walker,5
1178,Adam Wilson Jr.,2
1179,Don Phillips,8
1180,Larry Schmidt,7
1181,Eduardo Gonzalez,6
1182,Joshua Salazar,7
1183,David Davila,3
1184,Jesse Kaiser,8
1185,Tamara Williams,3
1186,Amy Cook,5
1187,Vincent Howard,3
1188,David Campbell,6
1189,Marc Lewis,8
1190,Melissa Peterson,7
1191,Taylor Wu,6
1192,Eric Young,1
1193,John Mercer,5
1194,Andre Anderson,3
1195,John Carter,4
1196,Angela Schmidt,6
1197,Alex Randolph,2
1198,Christopher Maddox,7
1199,Monica Johnson,5
1200,John Boyle,6
1201,Ashley Wolf,1
1202,Tammy Ramos,5
1203,Derek Smith,5
1204,Andrew Alexander,7
1205,Earl Curry,3
1206,Kevin Estrada,5
1207,Ryan Moreno,2
1208,Mr. Scott Perry,8
1209,Margaret Wolfe,5
1210,Joshua Boone,2
1211,Thomas Marsh,3
1212,Erica Mccullough,8
1213,Kaylee Campbell,5
1214,Michael Brown,8
1215,Melissa Sanchez,3
1216,Dana Mcmahon,3
1217,Stephanie Parker,8
1218,Jodi Smith,5
1219,Kimberly Brown,4
1220,Douglas Hernandez,2
1221,Joshua Osborne,2
1222,Joyce Wheeler,6
1223,Daniel Rodriguez,4
1224,Leslie Cooper DDS,4
1225,Peter Rogers,1
1226,Jermaine Davis,8
1227,John Gibson,8
1228,Scott Ramos,2
1229,Sean Trujillo,7
1230,Lisa Webb,6
1231,Shane Dominguez,3
1232,David Strickland,7
1233,Michael Khan,2
1234,Amber Turner,2
1235,Christopher Steele,4
1236,John Robinson,4
1237,Courtney Carlson,4
1238,William Garcia,6
1239,Jordan Romero,5
1240,Julie Serrano,1
1241,Tina Brown,4
1242,Chad Miranda,6
1243,Brenda Walker,8
1244,Ann Walker,2
1245,Denise Sanchez PhD,6
1246,Nicholas Luna,4
1247,Robert Cunningham,5
1248,Wendy Reyes,7
1249,Brian Roberts,7
1250,Jacob Kelly,1
1251,Cindy Hooper MD,8
1252,Ryan Lopez,6
1253,Erik Smith,5
1254,Robert Allison,3
1255,Isabel Sparks,4
1256,Nathan Roberts,5
1257,Kristine Garcia,5
1258,Rachel Carter,1
1259,Joseph Moore,5
1260,Roy Smith,8
1261,Tina Johnson,6
1262,Matthew Stafford,8
1263,Claudia Fischer,2
1264,Zachary Horton,1
1265,Douglas Maxwell,6
1266,Fernando Warren,5
1267,Angela Garza,3
1268,George Warner,4
1269,Howard Petersen,4
1270,Jody Perez,8
1271,Anthony Ellis,6
1272,Mia Washington,2
1273,Teresa Wilson,6
1274,Robert Hayes,1
1275,Jessica Mora,7
1276,Hannah Hester,5
1277,Rachel Luna,8
1278,Robin Baxter,1
1279,Chad Alvarado,4
1280,John Campos,4
1281,Erica Woodard,7
1282,David Johnson,5
1283,James Bell,6
1284,Christopher Phillips,1
1285,Julia Brady,2
1286,Jessica Phelps,5
1287,William Garcia,5
1288,Lydia Rodriguez,5
1289,Robert Lee,1
1290,Kristen Vance,3
1291,Michael Clements,3
1292,Shannon Austin,6
1293,Brandon Cobb,3
1294,Johnny Kim,3
1295,Lisa Porter,6
1296,Nicole Hawkins,3
1297,Melissa Jones,8
1298,Paul Johnson,1
1299,Cody Fisher,2
1300,Cassandra Beard,2
1301,Jacob Reyes,1
1302,Joshua Russell,2
1303,Clayton Crawford,8
1304,Bryan Marshall,6
1305,Cindy Martin,8
1306,Monique Holloway,6
1307,Ryan Cruz,2
1308,Traci Smith,4
1309,Chelsea Mcdaniel,7
1310,Mark Day,2
1311,Michael Mcdonald Jr.,3
1312,Whitney Peters,5
1313,Mary Simmons,8
1314,John Garcia,4
1315,Maria Schroeder,5
1316,Caleb Douglas,2
1317,Michael Adams,6
1318,Jill Wheeler,8
1319,Jacob Morris,4
1320,Shelley Bell,5
1321,Jennifer Cannon,2
1322,Anthony Johnson,2
1323,Mrs. Sarah Williams,1
1324,Robert Salas,3
1325,Adrian Williams,7
1326,Donald Lee,1
1327,Cynthia Ellison,2
1328,Stephen Alvarado,7
1329,Brenda Garcia,2
1330,Samantha Burns,8
1331,Tiffany Johnson,4
1332,Carla Martin,6
1333,Emily White,4
1334,David Green,6
1335,Lindsey Howard,5
1336,Nancy Collins,1
1337,Frank Lambert,4
1338,Kristen Charles,7
1339,William Burch,6
1340,Devon Meyers,6
1341,Cynthia Wheeler,1
1342,Christine Fritz,7
1343,Taylor Turner,8
1344,William Ross,4
1345,Laura Torres,6
1346,Jacob Baldwin,2
1347,Carmen Gomez,7
1348,Steve Morris,1
1349,Jacob White,3
1350,Patricia Herman,2
1351,Diana Jennings,4
1352,Douglas Griffith,5
1353,Andrea House,7
1354,Shelia Monroe,1
1355,Sarah Brown,3
1356,Leslie Watson,8
1357,Melissa Wolf,3
1358,Nicole Valdez,4
1359,Kelli Hardy,8
1360,Tara Bates,2
1361,Carla Fields,8
1362,Jessica Martinez,4
1363,Teresa Jenkins,4
1364,Amanda Hubbard,2
1365,Stephen Hill,1
